sku,price
0712001267,19.99
0712001280,4.99
0712001297,239.99
0712116303,149.99
0712152935,119.99
0712163718,14.99
0712179069,39.99
0712179070,39.99
0712179071,39.99
0712179072,39.99
0712179074,39.99
0712179080,54.99
0712179081,54.99
0712179083,54.99
0712179085,54.99
0712179086,54.99
0712179087,54.99
0712509416,19.99
0712518542,4.99
0712550793,199.99
0712607017,9.99
0712608047,9.99
0712691034,27.99
0712710394,119.99
0712837718,9.99
0712901118,2.99
0712951797,119.99
0713043555,579.99
0713043556,579.99
0713043557,579.99
0713043558,379.99
0713043559,379.99
0713043590,379.99
0713104030,34.99
0713104032,499.99
0713105098,25.99
0713105100,9.99
0713106984,239.99
0713107188,16.99
0713107194,37.99
0713107195,26.99
0713107196,24.99
0713107200,64.99
0713107201,41.99
0713107211,179.99
0713215762,4.99
0713278221,24.99
0713278234,24.99
0713278323,69.99
0713278326,69.99
0713278328,69.99
0713278332,69.99
0713278335,64.99
0713280315,27.99
0713280317,34.99
0713280318,14.99
0713280319,16.99
0713280603,29.99
0713365065,49.99
0713464495,595.99
0713464496,595.99
0713464497,444.99
0713464498,444.99
0713464499,444.99
0713464500,595.99
0713622705,209.99
0713623242,119.99
0713623243,119.99
0713623244,119.99
0713623269,29.99
0713630840,159.99
0713630841,159.99
0713630843,159.99
0713630844,159.99
0713631770,37.99
0713631773,24.99
0713632233,39.99
0713632234,24.99
0713632235,39.99
0713632236,29.99
0713633211,119.99
0713633212,119.99
0713726513,54.99
0713786312,34.99
0713869670,99.99
0713904625,49.99
0713988387,129.99
0713990042,1.99
0713990043,2.99
0713990044,2.99
0714329094,26.99
0714561627,31.99
0714561628,34.99
0714561630,45.99
0714764443,49.99
0714884896,1.99
0714884898,1.99
0715009962,249.99
0715788243,69.99
0715788244,69.99
0720364762,11.99
0720364763,11.99
0720364764,11.99
0720364765,11.99
0720364766,11.99
0720364767,11.99
0720364768,11.99
0720364769,11.99
0720364770,11.99
0720364771,11.99
0720364772,8.99
0720364773,3.99
0720364774,123.99
0720364775,123.99
0720365974,109.99
0720365977,115.99
0720365978,115.99
0720365979,115.99
0721725429,29.99
0721725430,22.99
0721725431,4.99
0721725432,9.99
0721725433,19.99
0721916476,475.99
0721916477,475.99
0721916478,475.99
0722066925,4.99
0722066926,4.99
0722066927,4.99
0722066928,4.99
0722259103,69.99
0723342694,11.99
0723342695,19.99
0723342696,33.99
0724342819,14.99
0724342820,6.99
0724342821,6.99
0724342822,6.99
0724342823,6.99
0724342824,6.99
0724342825,6.99
0725162827,49.99
0725439508,29.99
0725466558,119.99
0725467735,269.99
0726539228,9.99
C00011,24.99
C00017,84.99
C00027,107.99
C00028,107.99
C00029,107.99
C00030,107.99
C00031,115.99
C00050,11.99
C00052,22.39
C00053,399.99
C00054,739.99
C00056,659.99
C00057,32.99
C00058,75.99
C00067,169.99
C00071,69.99
C00074,54.99
C00078,54.99
C00081,399.99
C00095,14.99
C00112,19.99
C00115,69.99
CF141188,64.99
CF209772,18.99
CF496277,29.99
CF503179,129.99
CF506943,7.99
CF528374,27.99
CF533870,24.99
CF554695,14.99
CF571364,51.99
CF667418,29.99
CF769453,69.99
CF857273,12.99
DI1499,12.99
DI1523,12.99
DI1530,12.99
DI1545,12.99
DI2178,14.99
DI2180,9.99
DI2182,9.99
DI2183,9.99
DI219,12.99
DI2194,14.99
DI2289,19.99
DI2770,199.99
DI3096,29.99
DI3100,17.99
DI3121,4.99
DI3142,19.99
DI3241,84.99
DI3284,32.99
DI3287,39.99
DI3461,9.99
DI3462,6.99
DI3715,39.99
DI3727,9.99
DI4030,39.99
DI4038,39.99
DI4090,29.99
DI4320,239.99
DI4387,199.99
DI4432,199.99
DI4451,239.99
DI4469,199.99
DI448,14.99
DI4570,219.99
DI4652,34.99
DI4654,9.99
DI4657,19.99
DI528,14.99
DI532,29.99
DI535,29.99
DI538,29.99
DI541,29.99
DI542,24.99
DI546,24.99
DI549,29.99
DI623,28.99
DI632,15.99
DI636,9.99
DI651,18.99
DI665,9.99
DI714,24.99
DI717,â‚¬16.99
DI720,19.99
DI757,14.99
DI838,21.99
DI863,17.99
DI883,21.99
DI885,19.99
F0721892595,4.99
Fkit46,39.99
Fkit52,54.99
Fkit55,54.99
Fkit58,54.99
Fkit62,59.99
Fkit67,59.99
Fkit77,69.99
I00001,48.99
IM712017742,24.99
IM712017749,10.99
IM712017785,8.99
IM712017835,22.99
IM712017892,39.99
IM712017898,34.99
IM712017919,53.99
IM712017954,24.99
IM712017955,24.99
IM712017956,24.99
IM712017957,24.99
IM712017958,28.99
IM712017960,39.99
IM712017961,45.99
IM712151487,12.99
IM712517771,
IM712517776,35.99
IM712517823,
IM712517836,18.99
IM712517841,17.99
IM712517857,25.99
IM712517861,16.99
IM712517870,12.99
IM712517910,12.99
IM712675133,32.99
IM712974011,12.99
IM713252649,21.99
IM713278176,12.99
IM713765858,39.99
IM713765868,14.99
IM713765874,16.99
KitMacroDCR250,124.99
L00034,54.99
M00004,299.99
M00005,66.99
M00006,66.99
M00007,66.99
M00008,66.99
M00009,66.99
M00016,134.99
M00017,134.99
M00018,134.99
M00019,134.99
M00024,154.99
M00025,154.99
M00030,54.99
M00032,54.99
M00033,54.99
M00037,499.99
M00039,395.99
M00041,214.99
M00042,249.99
M00043,329.99
M00044,699.99
M00046,149.99
M00048,139.99
M00054,119.99
M00122,129.99
M00123,129.99
M00124,175.99
M00125,154.99
M00126,194.99
M00127,299.99
M00129,45.99
M00154,137.59
M00155,159.99
M00207,210.99
M00208,210.99
M00209,111.99
M00212,24.99
M00213,587.99
M00214,587.99
M00215,587.99
M00217,9.99
M00223,4.99
M00254,22.99
M00255,70.99
M00256,174.99
M00257,182.99
M00259,302.99
M00260,310.99
M00261,422.99
M00268,57.99
M00273,86.99
M00305,29.99
M00319,29.99
M00320,27.99
M00321,74.99
M00323,169.99
M00327,54.99
M00329,379.99
M00332,499.99
M00333,29.99
M00344,126.99
M00349,139.99
M00351,59.99
M00367,107.99
M00375,239.99
M00376,21.99
M00377,24.99
M00380,29.99
M00392,19.99
M00393,15.99
M00394,69.99
M00395,297.99
M00396,44.99
M00397,62.99
M00398,49.99
M00399,69.99
M00401,54.99
M00402,44.99
M00403,12.99
M00404,56.99
M00405,69.99
M00406,55.99
M00412,52.99
M00413,34.99
M00415,329.99
M00416,450.39
M00418,32.99
M00420,69.99
M00423,49.99
M00426,69.99
M00427,15.99
M00428,52.99
M00429,52.99
M00435,119.99
M00436,69.99
M00438,119.99
M00442,69.99
M00443,16.99
M00444,119.99
M00446,174.99
M00450,119.99
M00454,59.99
M00455,39.99
M00456,44.99
M00457,49.99
M00458,59.99
M00461,24.99
M00463,79.99
M00464,34.99
M00471,184.99
M00483,99.99
M00485,604.99
M00486,604.99
M00487,604.99
M00489,173.99
M00491,173.99
M00504, 1 349.99
M00507,159.99
M00508,159.99
M00509,159.99
M00510,199.99
M00511,199.99
M00512,259.99
M00513,69.99
M00514,5.99
M00515,6.99
M00516,3.99
M00518,124.99
M00519,7.99
M00520,5.99
M00521,19.99
M00522,265.99
M00523,79.99
M00524,199.99
M00525,200.99
M00526,179.99
M00528,94.99
M00529,59.99
M00530,19.99
M00531,199.99
M00532,199.99
M00536,259.99
M00537,44.99
M00538,219.99
M00539,219.99
M00540,89.99
M00541,219.99
M00543,219.99
M00544,219.99
M00548,123.99
M00549,159.99
M00550,351.99
M00553,140.99
M00554,239.99
M00555,58.99
M00556,34.99
M00557,109.99
M00558,89.99
M00559,49.99
M00561,31.99
M00563,24.99
M00569,17.99
M00570,14.99
M00571,9.99
M00572,19.99
M00573,9.99
M00574,19.99
M00575,14.99
M00576,10.99
M00577,29.99
M00578,9.99
M00580,8.99
M00582,14.99
M00589,79.99
M00590,129.99
M00591,49.99
M00593,97.99
M00596,19.99
M00599,91.99
M00600,107.99
M00601,115.99
M00602,123.99
M00603,155.99
M00604,171.99
M00618,51.99
M00619,24.99
M00620,9.99
M00622,12.99
M00623,245.99
M00624,12.99
M00625,11.99
M00626,54.99
M00629,26.99
M00631,89.99
M00634,299.99
M00640,44.99
M00645,14.99
M00652,44.99
M00653,12.99
M00654,14.99
M00658,9.99
M00665,12.99
M00677,249.99
M00682,24.99
M00685,14.99
M00693,27.99
M00714,30.99
M00715,38.99
M00716,147.99
M00722,173.99
M00723,173.99
M00731,74.99
M00732,89.99
M00754,98.99
M00756,34.99
M00757,32.79
M00758,19.99
M00759,635.99
M00760,635.99
M00761,635.99
M00763,52.99
M00771,44.99
M00772,21.99
M00776,6.99
M00777,9.99
M00778,17.99
M00780,7.99
M00785,49.99
M00788,49.99
M00790,24.99
M00792,14.99
M00793,27.99
M00800,269.99
M00803,314.99
M00808,19.99
M00809,22.99
M00812,59.99
M00818,49.99
M00821,9.99
M00828,9.99
M00829,29.99
M00830,424.99
M00831,29.99
M00835,594.99
M00837,24.99
M00843,38.99
M00848,21.99
M00849,332.99
M00850,53.99
M00852,74.99
M00856,59.99
M00857,84.99
M00858,34.99
M00859,64.99
M00860,336.99
M00861,49.99
M00862,359.99
M00863,24.99
M00864,9.99
M00866,14.99
M00867,46.99
M00869,15.99
M00870,39.99
M00872,32.99
M00878,79.99
M00879,416.99
M00882,174.99
M00883,20.99
M00884,28.99
M00885,25.59
M00887,51.99
M00890,16.99
M00892,25.59
M00896,7.99
M00898,109.99
M00899,28.99
M00900,61.99
M00901,40.99
M00902,329.99
M00903,24.99
M00904,134.99
M00908,44.99
M00917,4.99
M00918,69.99
M00919,14.99
M00920,19.99
M00921,259.99
M00922,35.99
M00923,39.99
M00926,14.99
M00933,108.99
M00935,32.99
M00936,14.99
M00940, 1 299.99
M00943,171.99
M00946,230.99
M00949,174.99
M00950,19.99
M00951, 1 043.99
M00955,196.99
M00958,32.99
M00959,89.99
M00960,39.99
M00961,44.99
M00962,22.99
M00963,124.99
M00964,26.99
M00969,199.99
M00971,82.99
M00973,7.99
M00974,361.99
M00975,4.99
M00977,8.99
M00979,19.99
M00980,465.99
M00982,34.99
M00984,12.99
M00985,29.99
M00987,185.99
M00988,14.99
M00989,67.99
M00991,303.99
M00993,357.99
M00994,243.99
M00997,119.99
M01002,19.99
M01003,54.99
M01006,14.99
M01008,29.99
M01011,6.99
M01012,5.99
M01014,14.99
M01015,789.99
M01016,64.99
M01017,19.99
M01018,20.99
M01019,12.99
M01020,17.99
M01027,124.99
M01028,49.99
M01029,49.99
M01030,29.99
M01035,148.99
M01036,94.99
M01038,48.99
M01039,628.99
M01041,439.99
M01042,34.99
M01043,189.99
M01049,17.99
M01053,173.99
M01057,39.99
M01058,58.99
M01059,31.99
M01060,91.99
M01064,49.99
M01067,34.99
M01068,20.99
M01074,8.99
M01075,108.99
M01077,9.99
M01078,48.99
M01080,45.99
M01081,39.99
M01083,39.99
M01086,104.99
M01088,62.99
M01089,154.99
M01091,340.99
M01092,169.99
M01094,19.99
M01099,11.99
M01103,57.99
M01109,199.99
M01111,4.99
M01112,44.99
M01113,21.99
M01123,33.99
M01124,139.99
M01125,64.99
M01126,114.99
M01127,119.99
M01129,59.99
M01130,33.99
M01131,27.99
M01132,69.99
M01133,75.99
M01135,24.99
M01136,24.99
M01147,86.99
M01148,27.99
M01149,249.99
M01151,74.99
M01152,24.99
M01153,12.99
M01154,19.99
M01155,74.99
M01158,84.99
M01161,74.99
M01162,74.99
M01163,74.99
M01165,139.99
M01166,139.99
M01167,139.99
M01168,139.99
M01169,139.99
M01170,74.99
M01171,499.99
M01178,94.99
M01180,399.99
M01190,134.99
M01191,39.99
M01192,74.99
M01193,147.99
M01195,43.99
M01196,
M01197, 2 799.99
M01205,19.99
M01207,109.99
M01208,129.99
M01209,89.99
M01211,44.99
M01212,
M01213,12.99
M01214,36.99
M01215,34.99
M01216,29.99
M01217,189.99
M01219,259.99
M01220,129.99
M01221,129.99
M01222,109.99
M01223,89.99
M01224,84.99
M01225,199.99
M01226,129.99
M01229,14.99
M01233,539.99
M01234,555.99
M01237,12.99
M01239,41.99
M01240,149.99
M01241,749.99
M01243,279.99
M01245,38.99
M01246,43.99
M01247,43.99
M01248,51.99
M01249,62.99
M01253,134.99
M01254,310.99
M01255,38.99
M01256,43.99
M01257,43.99
M01258,51.99
M01259,62.99
M01260,38.99
M01262,189.99
M01263,12.99
M01264,211.99
M01265,251.99
M01266,124.99
M01267,203.99
M01268,43.99
M01269,51.99
M01270,62.99
M01276,259.99
M01277,119.99
M01279,94.99
M01280,94.99
M01281,94.99
M01282,94.99
M01283,94.99
M01284,174.99
M01285,174.99
M01286,24.99
M01287,174.99
M01297,174.99
M01298,174.99
M01299,549.99
M01300,27.99
M01301,24.99
M01302,12.99
M01303,12.99
M01306,59.99
M01312,229.99
M01313,79.99
M01314,41.99
M01315,
M01318,
M01320,3.99
M01328,10.99
M01335,179.99
M01336,34.99
M01337,34.99
M01346,12.99
M01359,12.99
M01360,12.99
M01361,299.99
M01364,4.99
M01370,8.99
M01371,8.99
M01372,8.99
M01373,
M01374,8.99
M01386,12.99
M01389,329.99
M01390,329.99
M01391,329.99
M01392,61.99
M01393,61.99
M01394,61.99
MI14492,18.99
MI14503,14.99
MI14513,14.99
MI14520,18.99
MI19168,53.99
MI2447,29.99
MI2448,34.99
MI2449,34.99
MI2450,44.99
MI2451,44.99
MI2452,54.99
MI2453,69.99
MI2745,24.99
MI2746,29.99
MI2754,16.49
MI2760,16.99
MI2779,249.99
MI2783,199.99
MI2789,119.99
MI2790,199.99
MI2820,49.99
MI2833,74.99
MI2847,69.99
MI2849,24.99
MI2883,299.99
MI4504,16.99
MIOPSCC1,229.99
MIOPSCC2,229.99
MIOPSFF1,229.99
MIOPSNN1,229.99
MIOPSNN2,229.99
MIOPSNN3,229.99
MIOPSOO1,229.99
MIOPSPP1,229.99
MIOPSSA1,229.99
MIOPSSS1,229.99
MIOPSSS2,229.99
VDTS-2931,64.99
VDTS-2966,189.99
VDTS-3002,24.99
VDTS-3703,6.99
VDTS-3704,6.99
VDTS-3705,4.99
VDTS-3907,24.99
VDTS-3909,29.99
VDTS-4470,499.99
VDTS-4738,229.99
VDTS-4790,74.99
VDTS-4811,199.99
VDTS-5140,34.99
VDTS-5146,39.99
VisicoFLBD,179.99
VisicoFLPAR,169.99
VisicoFLPARDUO,169.99
VisicoFLPARND,169.99
VisicoFLPARSBX2,199.99
VisicoFLSBX,199.99
VisicoFLSNC,144.99
xxx,199.99
xxx,179.99
xxx,239.99
xxx,259.99
xxx,279.99
xxx,259.99